61.01;;Sobretudos, japonas, gabões, capas, anoraques, casacos (blusões*) e semelhantes, de malha, de uso masculino, exceto os artigos da posição 61.03.;0
6101.20.00;;- De algodão ;0
6101.30.00;;- De fibras sintéticas ou artificiais ;0
6101.9;;- De outras matérias têxteis;0
6101.90.10;;De lã ou de pelos finos ;0
6101.90.90;;Outros ;0
61.02;;Mantôs (Casacos compridos*), capas, anoraques, casacos (blusões*) e semelhantes, de malha, de uso feminino, exceto os artigos da posição 61.04.;0
6102.10.00;;- De lã ou de pelos finos ;0
6102.20.00;;- De algodão ;0
6102.30.00;;- De fibras sintéticas ou artificiais ;0
6102.90.00;;- De outras matérias têxteis ;0
61.03;;Ternos (Fatos*), conjuntos, paletós (casacos*), calças, jardineiras, bermudas e shorts (calções) (exceto de banho), de malha, de uso masculino.;0
6103.1;;- Ternos (Fatos*);0
6103.10.10;;De lã ou de pelos finos ;0
6103.10.20;;De fibras sintéticas ;0
6103.10.90;;De outras matérias têxteis ;0
6103.2;;- Conjuntos:;0
6103.22.00;;-- De algodão ;0
6103.23.00;;-- De fibras sintéticas ;0
6103.29;;-- De outras matérias têxteis;0
6103.29.10;;De lã ou de pelos finos ;0
6103.29.90;;Outros ;0
6103.3;;- Paletós (Casacos*):;0
6103.31.00;;-- De lã ou de pelos finos ;0
6103.32.00;;-- De algodão ;0
6103.33.00;;-- De fibras sintéticas ;0
6103.39.00;;-- De outras matérias têxteis ;0
6103.4;;- Calças, jardineiras, bermudas e shorts (calções):;0
6103.41.00;;-- De lã ou de pelos finos ;0
6103.42.00;;-- De algodão ;0
6103.43.00;;-- De fibras sintéticas ;0
6103.49.00;;-- De outras matérias têxteis ;0
61.04;;Tailleurs (Fatos de saia-casaco*), conjuntos, blazers (casacos*), vestidos, saias, saias-calças, calças, jardineiras, bermudas e shorts (calções) (exceto de banho), de malha, de uso feminino.;0
6104.1;;- Tailleurs (Fatos de saia-casaco*):;0
6104.13.00;;-- De fibras sintéticas ;0
6104.19;;-- De outras matérias têxteis;0
6104.19.10;;De lã ou de pelos finos ;0
6104.19.20;;De algodão ;0
6104.19.90;;De outras matérias têxteis ;0
6104.2;;- Conjuntos:;0
6104.22.00;;-- De algodão ;0
6104.23.00;;-- De fibras sintéticas ;0
6104.29;;-- De outras matérias têxteis;0
6104.29.10;;De lã ou de pelos finos ;0
6104.29.90;;Outros ;0
6104.3;;- Blazers (Casacos*):;0
6104.31.00;;-- De lã ou de pelos finos ;0
6104.32.00;;-- De algodão ;0
6104.33.00;;-- De fibras sintéticas ;0
6104.39.00;;-- De outras matérias têxteis ;0
6104.4;;- Vestidos:;0
6104.41.00;;-- De lã ou de pelos finos ;0
6104.42.00;;-- De algodão ;0
6104.43.00;;-- De fibras sintéticas ;0
6104.44.00;;-- De fibras artificiais ;0
6104.49.00;;-- De outras matérias têxteis ;0
6104.5;;- Saias e saias-calças:;0
6104.51.00;;-- De lã ou de pelos finos ;0
6104.52.00;;-- De algodão ;0
6104.53.00;;-- De fibras sintéticas ;0
6104.59.00;;-- De outras matérias têxteis ;0
6104.6;;- Calças, jardineiras, bermudas e shorts (calções):;0
6104.61.00;;-- De lã ou de pelos finos ;0
6104.62.00;;-- De algodão ;0
6104.63.00;;-- De fibras sintéticas ;0
6104.69.00;;-- De outras matérias têxteis ;0
61.05;;Camisas de malha, de uso masculino.;0
6105.10.00;;- De algodão ;0
6105.20.00;;- De fibras sintéticas ou artificiais ;0
6105.90.00;;- De outras matérias têxteis ;0
61.06;;Camisas (Camiseiros*), blusas, blusas chemisiers (blusas-camiseiros*), de malha, de uso feminino.;0
6106.10.00;;- De algodão ;0
6106.20.00;;- De fibras sintéticas ou artificiais ;0
6106.90.00;;- De outras matérias têxteis ;0
61.07;;Cuecas, ceroulas, camisolões (camisas de noite*), pijamas, roupões de banho, robes e semelhantes, de malha, de uso masculino.;0
6107.1;;- Cuecas e ceroulas:;0
6107.11.00;;-- De algodão ;0
6107.12.00;;-- De fibras sintéticas ou artificiais ;0
6107.19.00;;-- De outras matérias têxteis ;0
6107.2;;- Camisolões (Camisas de noite*) e pijamas:;0
6107.21.00;;-- De algodão ;0
6107.22.00;;-- De fibras sintéticas ou artificiais ;0
6107.29.00;;-- De outras matérias têxteis ;0
6107.9;;- Outros:;0
6107.91.00;;-- De algodão ;0
6107.99;;-- De outras matérias têxteis;0
6107.99.10;;De fibras sintéticas ou artificiais ;0
6107.99.90;;Outros ;0
61.08;;Combinações, anáguas (saiotes), calcinhas, camisolas (camisas de noite*), pijamas, déshabillés, roupões de banho, penhoares (robes de quarto*) e semelhantes, de malha, de uso feminino.;0
6108.1;;- Combinações e anáguas (saiotes):;0
6108.11.00;;-- De fibras sintéticas ou artificiais ;0
6108.19.00;;-- De outras matérias têxteis ;0
6108.2;;- Calcinhas:;0
6108.21.00;;-- De algodão ;0
6108.22.00;;-- De fibras sintéticas ou artificiais ;0
6108.29.00;;-- De outras matérias têxteis ;0
6108.3;;- Camisolas (Camisas de noite*) e pijamas:;0
6108.31.00;;-- De algodão ;0
6108.32.00;;-- De fibras sintéticas ou artificiais ;0
6108.39.00;;-- De outras matérias têxteis ;0
6108.9;;- Outros:;0
6108.91.00;;-- De algodão ;0
6108.92.00;;-- De fibras sintéticas ou artificiais ;0
6108.99.00;;-- De outras matérias têxteis ;0
61.09;;Camisetas (T-shirts), camisetas interiores (camisolas interiores*), e artigos semelhantes, de malha.;0
6109.10.00;;- De algodão ;0
6109.90.00;;- De outras matérias têxteis ;0
61.1;;Suéteres (Camisolas*), pulôveres, cardigãs, coletes e artigos semelhantes, de malha.;0
6110.1;;- De lã ou de pelos finos:;0
6110.11.00;;-- De lã ;0
6110.12.00;;-- De cabra de Caxemira ;0
6110.19.00;;-- Outros ;0
6110.20.00;;- De algodão ;0
6110.30.00;;- De fibras sintéticas ou artificiais ;0
6110.90.00;;- De outras matérias têxteis ;0
61.11;;Vestuário e seus acessórios, de malha, para bebês.;0
6111.20.00;;- De algodão ;0
6111.30.00;;- De fibras sintéticas ;0
6111.9;;- De outras matérias têxteis;0
6111.90.10;;De lã ou de pelos finos ;0
6111.90.90;;Outros ;0
61.12;;Abrigos (Fatos de treino*) para esporte, macacões (fatos-macacos*) e conjuntos, de esqui, maiôs (fatos de banho*), biquínis, shorts (calções) e sungas (slips), de banho, de malha.;0
6112.1;;- Abrigos (Fatos de treino*) para esporte:;0
6112.11.00;;-- De algodão ;0
6112.12.00;;-- De fibras sintéticas ;0
6112.19.00;;-- De outras matérias têxteis ;0
6112.20.00;;- Macacões (Fatos-macacos*) e conjuntos, de esqui ;0
6112.3;;- Maiôs (Fatos de banho*), shorts (calções) e sungas (slips), de banho, de uso masculino:;0
6112.31.00;;-- De fibras sintéticas ;0
6112.39.00;;-- De outras matérias têxteis ;0
6112.4;;- Maiôs (Fatos de banho*) e biquínis, de banho, de uso feminino:;0
6112.41.00;;-- De fibras sintéticas ;0
6112.49.00;;-- De outras matérias têxteis ;0
6113.00.00;;Vestuário confeccionado com tecidos de malha das posições 59.03, 59.06 ou 59.07. ;0
61.14;;Outro vestuário de malha.;0
6114.20.00;;- De algodão ;0
6114.30.00;;- De fibras sintéticas ou artificiais ;0
6114.9;;- De outras matérias têxteis;0
6114.90.10;;De lã ou de pelos finos ;0
6114.90.90;;Outros ;0
61.15;;Meias-calças, meias acima do joelho, meias até o joelho e artigos semelhantes, incluindo as meias calças, meias acima do joelho e meias até o joelho, de compressão degressiva (as meias para varizes, por exemplo), de malha.;0
6115.1;;- Meias-calças, meias acima do joelho e meias até o joelho, de compressão degressiva (as meias para varizes, por exemplo);0
6115.10.1;;Meias-calças;0
6115.10.11;;De fibras sintéticas, de título inferior a 67 decitex por fio simples ;0
6115.10.12;;De fibras sintéticas, de título igual ou superior a 67 decitex por fio simples ;0
6115.10.13;;De lã ou de pelos finos ;0
6115.10.14;;De algodão ;0
6115.10.19;;De outras matérias têxteis ;0
6115.10.2;;Meias acima do joelho e meias até o joelho, de uso feminino, de título inferior a 67 decitex por fio simples;0
6115.10.21;;De fibras sintéticas ou artificiais ;0
6115.10.22;;De algodão ;0
6115.10.29;;De outras matérias têxteis ;0
6115.10.9;;Outras;0
6115.10.91;;De lã ou de pelos finos ;0
6115.10.92;;De algodão ;0
6115.10.93;;De fibras sintéticas ;0
6115.10.99;;De outras matérias têxteis ;0
6115.2;;- Outras meias-calças:;0
6115.21.00;;-- De fibras sintéticas, de título inferior a 67 decitex por fio simples ;0
6115.22.00;;-- De fibras sintéticas, de título igual ou superior a 67 decitex por fio simples ;0
6115.29;;-- De outras matérias têxteis;0
6115.29.10;;De lã ou de pelos finos ;0
6115.29.20;;De algodão ;0
6115.29.90;;Outras ;0
6115.3;;- Outras meias acima do joelho e meias até o joelho, de uso feminino, de título inferior a 67 decitex por fio simples;0
6115.30.10;;De fibras sintéticas ou artificiais ;0
6115.30.20;;De algodão ;0
6115.30.90;;De outras matérias têxteis ;0
6115.9;;- Outros:;0
6115.94.00;;-- De lã ou de pelos finos ;0
6115.95.00;;-- De algodão ;0
6115.96.00;;-- De fibras sintéticas ;0
6115.99.00;;-- De outras matérias têxteis ;0
61.16;;Luvas, mitenes e semelhantes, de malha.;0
6116.10.00;;- Impregnadas, revestidas, recobertas ou estratificadas, de plástico ou de borracha ;0
6116.9;;- Outras:;0
6116.91.00;;-- De lã ou de pelos finos ;0
6116.92.00;;-- De algodão ;0
6116.93.00;;-- De fibras sintéticas ;0
6116.99.00;;-- De outras matérias têxteis ;0
61.17;;"Outros acessórios de vestuário, confeccionados, de malha; partes de vestuário ou de seus acessórios, de malha.";0
6117.10.00;;- Xales, echarpes, lenços de pescoço, cachenês, cachecóis, mantilhas, véus e semelhantes ;0
6117.8;;- Outros acessórios;0
6117.80.10;;Gravatas, gravatas-borboletas e plastrons ;0
6117.80.90;;Outros ;0
6117.90.00;;- Partes ;0
62.01;;Sobretudos, japonas, gabões, capas, anoraques, casacos (blusões*) e semelhantes, de uso masculino, exceto os artigos da posição 62.03.;0
6201.20.00;;- De lã ou de pelos finos ;0
6201.30.00;;- De algodão ;0
6201.40.00;;- De fibras sintéticas ou artificiais ;0
6201.90.00;;- De outras matérias têxteis ;0
62.02;;Mantôs (Casacos compridos*), capas, anoraques, casacos (blusões*) e semelhantes, de uso feminino, exceto os artigos da posição 62.04.;0
6202.20.00;;- De lã ou de pelos finos ;0
6202.30.00;;- De algodão ;0
6202.40.00;;- De fibras sintéticas ou artificiais ;0
6202.90.00;;- De outras matérias têxteis ;0
62.03;;Ternos (Fatos*), conjuntos, paletós (casacos*), calças, jardineiras, bermudas e shorts (calções) (exceto de banho), de uso masculino.;0
6203.1;;- Ternos (Fatos*):;0
6203.11.00;;-- De lã ou de pelos finos ;0
6203.12.00;;-- De fibras sintéticas ;0
6203.19.00;;-- De outras matérias têxteis ;0
6203.2;;- Conjuntos:;0
6203.22.00;;-- De algodão ;0
6203.23.00;;-- De fibras sintéticas ;0
6203.29;;-- De outras matérias têxteis;0
6203.29.10;;De lã ou de pelos finos ;0
6203.29.90;;Outros ;0
6203.3;;- Paletós (Casacos*):;0
6203.31.00;;-- De lã ou de pelos finos ;0
6203.32.00;;-- De algodão ;0
6203.33.00;;-- De fibras sintéticas ;0
6203.39.00;;-- De outras matérias têxteis ;0
6203.4;;- Calças, jardineiras, bermudas e shorts (calções):;0
6203.41.00;;-- De lã ou de pelos finos ;0
6203.42.00;;-- De algodão ;0
6203.43.00;;-- De fibras sintéticas ;0
6203.49.00;;-- De outras matérias têxteis ;0
62.04;;Tailleurs (Fatos de saia-casaco*), conjuntos, blazers (casacos*), vestidos, saias, saias-calças, calças, jardineiras, bermudas e shorts (calções) (exceto de banho), de uso feminino.;0
6204.1;;- Tailleurs (Fatos de saia-casaco*):;0
6204.11.00;;-- De lã ou de pelos finos ;0
6204.12.00;;-- De algodão ;0
6204.13.00;;-- De fibras sintéticas ;0
6204.19.00;;-- De outras matérias têxteis ;0
6204.2;;- Conjuntos:;0
6204.21.00;;-- De lã ou de pelos finos ;0
6204.22.00;;-- De algodão ;0
6204.23.00;;-- De fibras sintéticas ;0
6204.29.00;;-- De outras matérias têxteis ;0
6204.3;;- Blazers (Casacos*):;0
6204.31.00;;-- De lã ou de pelos finos ;0
6204.32.00;;-- De algodão ;0
6204.33.00;;-- De fibras sintéticas ;0
6204.39.00;;-- De outras matérias têxteis ;0
6204.4;;- Vestidos:;0
6204.41.00;;-- De lã ou de pelos finos ;0
6204.42.00;;-- De algodão ;0
6204.43.00;;-- De fibras sintéticas ;0
6204.44.00;;-- De fibras artificiais ;0
6204.49.00;;-- De outras matérias têxteis ;0
6204.5;;- Saias e saias-calças:;0
6204.51.00;;-- De lã ou de pelos finos ;0
6204.52.00;;-- De algodão ;0
6204.53.00;;-- De fibras sintéticas ;0
6204.59.00;;-- De outras matérias têxteis ;0
6204.6;;- Calças, jardineiras, bermudas e shorts (calções):;0
6204.61.00;;-- De lã ou de pelos finos ;0
6204.62.00;;-- De algodão ;0
6204.63.00;;-- De fibras sintéticas ;0
6204.69.00;;-- De outras matérias têxteis ;0
62.05;;Camisas de uso masculino.;0
6205.20.00;;- De algodão ;0
6205.30.00;;- De fibras sintéticas ou artificiais ;0
6205.9;;- De outras matérias têxteis;0
6205.90.10;;De lã ou de pelos finos ;0
6205.90.90;;Outras ;0
62.06;;Camisas (Camiseiros*), blusas, blusas chemisiers (blusas-camiseiros*), de uso feminino.;0
6206.10.00;;- De seda ou de desperdícios de seda ;0
6206.20.00;;- De lã ou de pelos finos ;0
6206.30.00;;- De algodão ;0
6206.40.00;;- De fibras sintéticas ou artificiais ;0
6206.90.00;;- De outras matérias têxteis ;0
62.07;;Camisetas interiores (Camisolas interiores*), cuecas, ceroulas, camisolões (camisas de noite*), pijamas, roupões de banho, robes, e artigos semelhantes, de uso masculino. ;0
6207.1;;- Cuecas e ceroulas:;0
6207.11.00;;-- De algodão ;0
6207.19.00;;-- De outras matérias têxteis ;0
6207.2;;- Camisolões (Camisas de noite*) e pijamas:;0
6207.21.00;;-- De algodão ;0
6207.22.00;;-- De fibras sintéticas ou artificiais ;0
6207.29.00;;-- De outras matérias têxteis ;0
6207.9;;- Outros:;0
6207.91.00;;-- De algodão ;0
6207.99;;-- De outras matérias têxteis;0
6207.99.10;;De fibras sintéticas ou artificiais ;0
6207.99.90;;Outros ;0
62.08;;Corpetes (Camisolas interiores*), combinações, anáguas (saiotes), calcinhas, camisolas (camisas de noite*), pijamas, déshabillés, roupões de banho, penhoares (robes de quarto*), e artigos semelhantes, de uso feminino.;0
6208.1;;- Combinações e anáguas (saiotes):;0
6208.11.00;;-- De fibras sintéticas ou artificiais ;0
6208.19.00;;-- De outras matérias têxteis ;0
6208.2;;- Camisolas (Camisas de noite*) e pijamas:;0
6208.21.00;;-- De algodão ;0
6208.22.00;;-- De fibras sintéticas ou artificiais ;0
6208.29.00;;-- De outras matérias têxteis ;0
6208.9;;- Outros:;0
6208.91.00;;-- De algodão ;0
6208.92.00;;-- De fibras sintéticas ou artificiais ;0
6208.99.00;;-- De outras matérias têxteis ;0
62.09;;Vestuário e seus acessórios, para bebês.;0
6209.20.00;;- De algodão ;0
6209.30.00;;- De fibras sintéticas ;0
6209.9;;- De outras matérias têxteis;0
6209.90.10;;De lã ou de pelos finos ;0
6209.90.90;;Outras ;0
62.1;;Vestuário confeccionado com as matérias das posições 56.02, 56.03, 59.03, 59.06 ou 59.07.;0
6210.10.00;;- Com as matérias das posições 56.02 ou 56.03 ;0
6210.20.00;;- Outro vestuário, do tipo abrangido pela posição 62.01 ;0
6210.30.00;;- Outro vestuário, do tipo abrangido pela posição 62.02;0
6210.40.00;;- Outro vestuário de uso masculino ;0
6210.50.00;;- Outro vestuário de uso feminino ;0
62.11;;"Abrigos (Fatos de treino*) para esporte, macacões (fatos-macacos*) e conjuntos, de esqui, maiôs (fatos de banho*), biquínis, shorts (calções) e sungas (slips), de banho; outro vestuário.";0
6211.1;;- Maiôs (Fatos de banho*), biquínis, shorts (calções) e sungas (slips), de banho:;0
6211.11.00;;-- De uso masculino ;0
6211.12.00;;-- De uso feminino ;0
6211.20.00;;- Macacões (Fatos-macacos*) e conjuntos, de esqui ;0
6211.3;;- Outro vestuário de uso masculino:;0
6211.32.00;;-- De algodão ;0
6211.33.00;;-- De fibras sintéticas ou artificiais ;0
6211.39;;-- De outras matérias têxteis;0
6211.39.10;;De lã ou de pelos finos ;0
6211.39.90;;Outras ;0
6211.4;;- Outro vestuário de uso feminino:;0
6211.42.00;;-- De algodão ;0
6211.43.00;;-- De fibras sintéticas ou artificiais ;0
6211.49.00;;-- De outras matérias têxteis ;0
62.12;;Sutiãs, cintas, espartilhos, suspensórios, ligas e artigos semelhantes, e suas partes, mesmo de malha.;0
6212.10.00;;- Sutiãs e bustiês (sutiãs de cós alto*) ;0
6212.20.00;;- Cintas e cintas-calças ;0
6212.30.00;;- Modeladores de torso inteiro (Cintas-sutiãs*) ;0
6212.90.00;;- Outros ;0
62.13;;Lenços de assoar e de bolso.;0
6213.20.00;;- De algodão ;0
6213.9;;- De outras matérias têxteis;0
6213.90.10;;De seda ou de desperdícios de seda ;0
6213.90.90;;Outros ;0
62.14;;Xales, echarpes, lenços de pescoço, cachenês, cachecóis, mantilhas, véus e artigos semelhantes.;0
6214.10.00;;- De seda ou de desperdícios de seda ;0
6214.20.00;;- De lã ou de pelos finos ;0
6214.30.00;;- De fibras sintéticas ;0
6214.40.00;;- De fibras artificiais ;0
6214.9;;- De outras matérias têxteis;0
6214.90.10;;De algodão ;0
6214.90.90;;Outros ;0
62.15;;Gravatas, gravatas-borboletas (laços*) e plastrões.;0
6215.10.00;;- De seda ou de desperdícios de seda ;0
6215.20.00;;- De fibras sintéticas ou artificiais ;0
6215.90.00;;- De outras matérias têxteis ;0
6216.00.00;;Luvas, mitenes e semelhantes. ;0
62.17;;"Outros acessórios confeccionados de vestuário; partes de vestuário ou dos seus acessórios, exceto as da posição 62.12.";0
6217.10.00;;- Acessórios ;0
6217.90.00;;- Partes ;0
63.01;;Cobertores e mantas.;0
6301.10.00;;- Cobertores e mantas, elétricos ;0
6301.20.00;;- Cobertores e mantas (exceto os elétricos), de lã ou de pelos finos ;0
6301.30.00;;- Cobertores e mantas (exceto os elétricos), de algodão ;0
6301.40.00;;- Cobertores e mantas (exceto os elétricos), de fibras sintéticas ;0
6301.90.00;;- Outros cobertores e mantas ;0
63.02;;Roupa de cama, mesa, toucador ou cozinha.;0
6302.10.00;;- Roupa de cama, de malha ;0
6302.2;;- Outra roupa de cama, estampadas:;0
6302.21.00;;-- De algodão ;0
6302.22.00;;-- De fibras sintéticas ou artificiais ;0
6302.29.00;;-- De outras matérias têxteis ;0
6302.3;;- Outra roupa de cama:;0
6302.31.00;;-- De algodão ;0
6302.32.00;;-- De fibras sintéticas ou artificiais ;0
6302.39.00;;-- De outras matérias têxteis ;0
6302.40.00;;- Roupa de mesa, de malha ;0
6302.5;;- Outra roupa de mesa:;0
6302.51.00;;-- De algodão ;0
6302.53.00;;-- De fibras sintéticas ou artificiais ;0
6302.59;;-- De outras matérias têxteis;0
6302.59.10;;De linho ;0
6302.59.90;;Outras ;0
6302.60.00;;- Roupa de toucador ou de cozinha, de tecidos atoalhados (turcos) de algodão ;0
6302.9;;- Outra:;0
6302.91.00;;-- De algodão ;0
6302.93.00;;-- De fibras sintéticas ou artificiais ;0
6302.99;;-- De outras matérias têxteis;0
6302.99.10;;De linho ;0
6302.99.90;;Outras ;0
63.03;;"Cortinados, cortinas, reposteiros e estores; sanefas.";0
6303.1;;- De malha:;0
6303.12.00;;-- De fibras sintéticas ;0
6303.19;;-- De outras matérias têxteis;0
6303.19.10;;De algodão ;0
6303.19.90;;Outros ;0
6303.9;;- Outros:;0
6303.91.00;;-- De algodão ;0
6303.92.00;;-- De fibras sintéticas ;0
6303.99.00;;-- De outras matérias têxteis ;0
63.04;;Outros artigos para guarnição de interiores, exceto os da posição 94.04.;0
6304.1;;- Colchas:;0
6304.11.00;;-- De malha ;0
6304.19;;-- Outras;0
6304.19.10;;De algodão ;0
6304.19.90;;De outras matérias têxteis ;0
6304.20.00;;- Mosquiteiros para camas mencionados na Nota de subposição 1 do presente Capítulo ;0
6304.9;;- Outros:;0
6304.91.00;;-- De malha ;0
6304.92.00;;-- De algodão, exceto de malha ;0
6304.93.00;;-- De fibras sintéticas, exceto de malha ;0
6304.99.00;;-- De outras matérias têxteis, exceto de malha ;0
63.05;;Sacos de quaisquer dimensões, para embalagem.;0
6305.10.00;;- De juta ou de outras fibras têxteis liberianas da posição 53.03 ;9,75
6305.20.00;;- De algodão ;9,75
6305.3;;- De matérias têxteis sintéticas ou artificiais:;0
6305.32.00;;-- Recipientes flexíveis para produtos a granel ;9,75
6305.33;;-- Outros, obtidos a partir de lâminas ou formas semelhantes de polietileno ou de polipropileno;0
6305.33.10;;De malha ;9,75
6305.33.90;;Outros ;9,75
6305.39.00;;-- Outros ;9,75
6305.90.00;;- De outras matérias têxteis ;9,75
63.06;;"Encerados e toldos; tendas (incluindo os gazebos temporários e artigos semelhantes); velas para embarcações, para pranchas à vela ou para carros à vela; artigos para acampamento.";0
6306.1;;- Encerados e toldos:;0
6306.12.00;;-- De fibras sintéticas ;3,25
6306.19;;-- De outras matérias têxteis;0
6306.19.10;;De algodão ;3,25
6306.19.90;;Outros ;3,25
6306.2;;- Tendas (incluindo os gazebos temporários e artigos semelhantes):;0
6306.22.00;;-- De fibras sintéticas ;6,5
6306.29;;-- De outras matérias têxteis;0
6306.29.10;;De algodão ;6,5
6306.29.90;;Outros ;6,5
6306.3;;- Velas;0
6306.30.10;;De fibras sintéticas ;6,5
6306.30.90;;De outras matérias têxteis ;6,5
6306.4;;- Colchões pneumáticos;0
6306.40.10;;De algodão ;3,25
6306.40.90;;De outras matérias têxteis ;3,25
6306.90.00;;- Outros ;3,25
63.07;;Outros artigos confeccionados, incluindo os moldes para vestuário.;0
6307.10.00;;- Rodilhas, esfregões, panos de prato ou de cozinha, flanelas e artigos de limpeza semelhantes ;0
6307.20.00;;- Cintos e coletes salva-vidas ;0
6307.9;;- Outros;0
6307.90.10;;De falso tecido (tecido não tecido) ;0
6307.90.20;;Artigo tubular com tratamento ignífugo, próprio para saída de emergência de pessoas, mesmo com seus elementos de montagem ;0
6307.90.90;;Outros ;0
6308.00.00;;Sortidos constituídos por cortes de tecido e fios, mesmo com acessórios, para confecção de tapetes, tapeçarias, toalhas de mesa ou guardanapos, bordados, ou artigos têxteis semelhantes, em embalagens para venda a retalho. ;0
6309;;Artigos de matérias têxteis e artigos de uso semelhante, usados.;0
6309.00.10;;Vestuário, seus acessórios, e suas partes ;0
6309.00.90;;Outros ;0
63.1;;Trapos, cordéis, cordas e cabos, de matérias têxteis, em forma de desperdícios ou de artigos inutilizados.;0
6310.10.00;;- Selecionados ;0
6310.90.00;;- Outros ;0
64.01;;Calçado impermeável de sola exterior e parte superior de borracha ou plástico, em que a parte superior não tenha sido reunida à sola exterior por costura ou por meio de rebites, pregos, parafusos, espigões ou dispositivos semelhantes, nem formada por diferentes partes reunidas pelos mesmos processos.;0
6401.10.00;;- Calçado com biqueira protetora de metal ;0
6401.9;;- Outro calçado:;0
6401.92.00;;-- Cobrindo o tornozelo, mas não o joelho ;0
6401.99;;-- Outro;0
6401.99.10;;Cobrindo o joelho ;0
6401.99.90;;Outro ;0
64.02;;Outro calçado com sola exterior e parte superior de borracha ou plástico.;0
6402.1;;- Calçado para esporte:;0
6402.12.00;;-- Calçado para esqui e para surfe de neve ;0
6402.19.00;;-- Outro ;0
6402.20.00;;- Calçado com parte superior em tiras ou correias, fixados à sola por pregos, tachas, pinos e semelhantes ;0
6402.9;;- Outro calçado:;0
6402.91;;-- Cobrindo o tornozelo;0
6402.91.10;;Com biqueira protetora de metal ;0
6402.91.90;;Outro ;0
6402.99;;-- Outro;0
6402.99.10;;Com biqueira protetora de metal ;0
6402.99.90;;Outro ;0
64.03;;Calçado com sola exterior de borracha, plástico, couro natural ou reconstituído e parte superior de couro natural.;0
6403.1;;- Calçado para esporte:;0
6403.12.00;;-- Calçado para esqui e para surfe de neve ;0
6403.19.00;;-- Outro ;0
6403.20.00;;- Calçado com sola exterior de couro natural e parte superior constituída por tiras de couro natural passando pelo peito do pé e envolvendo o dedo grande ;0
6403.40.00;;- Outro calçado, com biqueira protetora de metal ;0
6403.5;;- Outro calçado, com sola exterior de couro natural:;0
6403.51;;-- Cobrindo o tornozelo;0
6403.51.10;;Com sola de madeira e desprovido de palmilha ;0
6403.51.90;;Outro ;0
6403.59;;-- Outro;0
6403.59.10;;Com sola de madeira e desprovido de palmilha ;0
6403.59.90;;Outro ;0
6403.9;;- Outro calçado:;0
6403.91;;-- Cobrindo o tornozelo;0
6403.91.10;;Com sola de madeira e desprovido de palmilha ;0
6403.91.90;;Outro ;0
6403.99;;-- Outro;0
6403.99.10;;Com sola de madeira e desprovido de palmilha ;0
6403.99.90;;Outro ;0
64.04;;Calçado com sola exterior de borracha, plástico, couro natural ou reconstituído e parte superior de matérias têxteis.;0
6404.1;;- Calçado com sola exterior de borracha ou de plástico:;0
6404.11.00;;"-- Calçado para esporte; calçado para tênis, basquetebol, ginástica, treino e semelhantes ";0
6404.19.00;;-- Outro ;0
6404.20.00;;- Calçado com sola exterior de couro natural ou reconstituído ;0
64.05;;Outro calçado.;0
6405.1;;- Com parte superior de couro natural ou reconstituído;0
6405.10.10;;Com sola exterior de borracha ou plástico e parte superior de couro reconstituído ;0
6405.10.20;;Com sola exterior de couro natural ou reconstituído e parte superior de couro reconstituído ;0
6405.10.90;;Outro ;0
6405.20.00;;- Com parte superior de matérias têxteis ;0
6405.90.00;;- Outro ;0
64.06;;"Partes de calçado (incluindo as partes superiores, mesmo fixadas a solas que não sejam as solas exteriores); palmilhas, reforços interiores e artigos semelhantes, amovíveis; polainas, perneiras e artigos semelhantes, e suas partes.";0
6406.10.00;;- Partes superiores de calçado e seus componentes, exceto contrafortes e biqueiras rígidas ;0
6406.20.00;;- Solas exteriores e saltos, de borracha ou plástico ;0
6406.9;;- Outros;0
6406.90.10;;Solas exteriores e saltos, de couro natural ou reconstituído ;0
6406.90.20;;Palmilhas ;0
6406.90.90;;Outros ;0
6501.00.00;;Esboços não enformados nem na copa nem na aba, discos e cilindros, mesmo cortados no sentido da altura, de feltro, para chapéus. ;0
6502;;Esboços de chapéus, entrançados ou obtidos por reunião de tiras de qualquer matéria, sem copa nem aba enformadas e sem guarnições.;0
6502.00.10;;De palha fina (manila, panamá e semelhantes) ;0
6502.00.90;;Outros ;0
6504;;Chapéus e outros artigos de uso semelhante, entrançados ou obtidos por reunião de tiras, de qualquer matéria, mesmo guarnecidos.;0
6504.00.10;;De palha fina (manila, panamá e semelhantes) ;0
6504.00.90;;Outros ;0
6505;;"Chapéus e outros artigos de uso semelhante, de malha ou confeccionados com rendas, feltro ou outros produtos têxteis, em peça (mas não em tiras), mesmo guarnecidos; coifas e redes, para o cabelo, de qualquer matéria, mesmo guarnecidas.";0
6505.00.1;;Bonés;0
6505.00.11;;De algodão ;0
6505.00.12;;De fibras sintéticas ou artificiais ;0
6505.00.19;;De outras matérias têxteis ;0
6505.00.2;;Gorros;0
6505.00.21;;De algodão ;0
6505.00.22;;De fibras sintéticas ou artificiais ;0
6505.00.29;;De outras matérias têxteis ;0
6505.00.3;;Chapéus;0
6505.00.31;;De algodão ;0
6505.00.32;;De fibras sintéticas ou artificiais ;0
6505.00.39;;De outras matérias têxteis ;0
6505.00.90;;Outros ;0
65.06;;Outros chapéus e artigos de uso semelhante, mesmo guarnecidos.;0
6506.10.00;;- Capacetes e artigos de uso semelhante, de proteção ;0
6506.9;;- Outros:;0
6506.91.00;;-- De borracha ou de plástico ;0
6506.99.00;;-- De outras matérias ;0
6507.00.00;;Carneiras, forros, capas, armações, palas e barbicachos (francaletes*), para chapéus e artigos de uso semelhante. ;0
66.01;;Guarda-chuvas, sombrinhas e guarda-sóis (incluindo as bengalas-guarda-chuvas e os guarda-sóis de jardim e semelhantes).;0
6601.10.00;;- Guarda-sóis de jardim e artigos semelhantes ;3,25
6601.9;;- Outros:;0
6601.91;;-- De haste ou cabo telescópico;0
6601.91.10;;Cobertos de tecido de seda ou de matérias têxteis sintéticas ou artificiais ;0
6601.91.90;;Outros ;0
6601.99.00;;-- Outros ;0
6602.00.00;;Bengalas, bengalas-assentos, chicotes, pingalins e artigos semelhantes. ;0
66.03;;Partes, guarnições e acessórios, para os artigos das posições 66.01 ou 66.02.;0
6603.20.00;;- Armações montadas, mesmo com hastes ou cabos, para guarda-chuvas, sombrinhas ou guarda-sóis;0
6603.90.00;;- Outros ;0
6701.00.00;;Peles e outras partes de aves, com as suas penas ou penugem, penas, partes de penas, penugem e artigos destas matérias, exceto os produtos da posição 05.05, bem como os cálamos e outros canos de ;0
67.02;;"Flores, folhagem e frutos, artificiais, e suas partes; artigos confeccionados com flores, folhagem e frutos, artificiais.";0
6702.10.00;;- De plástico ;9,75
6702.90.00;;- De outras matérias ;9,75
6703.00.00;;"Cabelo disposto no mesmo sentido, adelgaçado, branqueado ou preparado de outro modo; lã, pelos e outras matérias têxteis, preparados para fabricação de perucas ou de artigos semelhantes. ";9,75
67.04;;"Perucas, barbas, sobrancelhas, pestanas, madeixas e artigos semelhantes, de cabelo, pelos ou de matérias têxteis; outras obras de cabelo não especificadas nem compreendidas noutras posições.";0
6704.1;;- De matérias têxteis sintéticas:;0
6704.11.00;;-- Perucas completas ;9,75
6704.19.00;;-- Outros ;9,75
6704.20.00;;- De cabelo ;9,75
6704.90.00;;- De outras matérias ;9,75
6801.00.00;;Pedras para calcetar, meios-fios (lancis) e placas (lajes) para pavimentação, de pedra natural (exceto a ardósia). ;0
68.02;;"Pedras de cantaria ou de construção (exceto de ardósia) trabalhadas e obras destas pedras, exceto as da posição 68.01; cubos, pastilhas e artigos semelhantes, para mosaicos, de pedra natural (incluindo a ardósia), mesmo com suporte; grânulos, fragmentos e pós, de pedra natural (incluindo a ardósia), corados artificialmente.";0
6802.10.00;;"- Ladrilhos, cubos, pastilhas e artigos semelhantes, mesmo de forma diferente da quadrada ou retangular, cuja maior superfície possa ser inscrita num quadrado de lado inferior a 7 cm; grânulos, fragmentos e pós, corados artificialmente ";3,25
6802.10.00;01;Ladrilhos e placas (lajes) para pavimentação ou revestimento;0,65
6802.2;;- Outras pedras de cantaria ou de construção e suas obras, simplesmente talhadas ou serradas, de superfície plana ou lisa:;0
6802.21.00;;-- Mármore, travertino e alabastro ;3,25
6802.21.00;01;Ladrilhos e placas (lajes) para pavimentação ou revestimento;0,65
6802.23.00;;-- Granito ;3,25
6802.23.00;01;Ladrilhos e placas (lajes) para pavimentação ou revestimento;0,65
6802.29.00;;-- Outras pedras ;3,25
6802.29.00;01;Ladrilhos e placas (lajes) para pavimentação ou revestimento;0,65
6802.9;;- Outras:;0
6802.91.00;;-- Mármore, travertino e alabastro ;3,25
6802.91.00;01;Ladrilhos e placas (lajes) para pavimentação ou revestimento;0,65
6802.92.00;;-- Outras pedras calcárias ;3,25
6802.92.00;01;Ladrilhos e placas (lajes) para pavimentação ou revestimento;0,65
6802.93;;-- Granito;0
6802.93.10;;Esferas para moinho ;3,25
6802.93.90;;Outros ;3,25
6802.93.90;01;Ladrilhos e placas (lajes) para pavimentação ou revestimento;0,65
6802.99;;-- Outras pedras;0
6802.99.10;;Esferas para moinho ;3,25
6802.99.90;;Outras ;3,25
6802.99.90;01;Ladrilhos e placas (lajes) para pavimentação ou revestimento;0,65
6803.00.00;;Ardósia natural trabalhada e obras de ardósia natural ou aglomerada. ;3,25
6803.00.00;01;Ladrilhos e placas (lajes) para pavimentação ou revestimento;0,65
68.04;;"Mós e artigos semelhantes, sem armação, para moer, desfibrar, triturar, amolar, polir, retificar ou cortar; pedras para amolar ou para polir, manualmente, e suas partes, de pedras naturais, de abrasivos naturais ou artificiais aglomerados ou de cerâmica, mesmo com partes de outras matérias.";0
6804.10.00;;- Mós para moer ou desfibrar ;0
6804.2;;- Outras mós e artigos semelhantes:;0
6804.21;;-- De diamante natural ou sintético, aglomerado;0
6804.21.1;;De diâmetro inferior a 53,34 cm;0
6804.21.11;;Aglomerados com resina ;0
6804.21.19;;Outros ;0
6804.21.90;;Outros ;0
6804.22;;-- De outros abrasivos aglomerados ou de cerâmica;0
6804.22.1;;De diâmetro inferior a 53,34 cm;0
6804.22.11;;Aglomerados com resina ;0
6804.22.19;;Outros ;0
6804.22.90;;Outros ;0
6804.23.00;;-- De pedras naturais ;0
6804.30.00;;- Pedras para amolar ou para polir, manualmente ;0
68.05;;Abrasivos naturais ou artificiais, em pó ou em grãos, aplicados sobre matérias têxteis, papel, cartão ou outras matérias, mesmo recortados, costurados ou reunidos de outro modo.;0
6805.10.00;;- Aplicados apenas sobre tecidos de matérias têxteis ;0
6805.20.00;;- Aplicados apenas sobre papel ou cartão ;0
6805.3;;- Aplicados sobre outras matérias;0
6805.30.10;;Com suporte de papel ou cartão combinados com matérias têxteis ;0
6805.30.20;;Discos de fibra vulcanizada recobertos com óxido de alumínio ou carboneto de silício ;0
6805.30.90;;Outros ;0
68.06;;"Lãs de escórias de altos-fornos, lãs de outras escórias, lã de rocha e lãs minerais semelhantes; vermiculita e argilas, expandidas, espuma de escórias e produtos minerais semelhantes, expandidos; misturas e obras de matérias minerais para isolamento do calor e do som ou para absorção do som, exceto as das posições 68.11, 68.12 ou do Capítulo 69.";0
6806.10.00;;- Lãs de escórias de altos-fornos, lãs de outras escórias, lã de rocha e lãs minerais semelhantes, mesmo misturadas entre si, a granel, em folhas ou em rolos ;0
6806.10.00;01;Lã de rocha e lã mineral;6,5
6806.20.00;;- Vermiculita e argilas, expandidas, espuma de escórias e produtos minerais semelhantes, expandidos, mesmo misturados entre si ;0
6806.9;;- Outros;0
6806.90.10;;Aluminosos ou silicoaluminosos ;0
6806.90.90;;Outros ;0
6806.90.90;01;Obras de lã de rocha e de lã mineral;6,5
68.07;;Obras de asfalto ou de produtos semelhantes (por exemplo, breu ou pez).;0
6807.10.00;;- Em rolos ;3,25
6807.90.00;;- Outras ;3,25
6807.90.00;01;Telhas onduladas;0
6808.00.00;;Painéis, chapas, ladrilhos, blocos e semelhantes, de fibras vegetais, palha ou aparas, partículas, serragem (serradura) ou outros desperdícios de madeira, aglomerados com cimento, gesso ou outros aglutinantes minerais. ;6,5
68.09;;Obras de gesso ou de composições à base de gesso.;0
6809.1;;- Chapas, placas, painéis, ladrilhos e semelhantes, não ornamentados:;0
6809.11.00;;-- Revestidos ou reforçados exclusivamente com papel ou cartão ;0
6809.19.00;;-- Outros ;3,25
6809.90.00;;- Outras obras ;3,25
68.1;;Obras de cimento, de concreto (betão) ou de pedra artificial, mesmo armadas.;0
6810.1;;- Telhas, ladrilhos, placas (lajes), tijolos e artigos semelhantes:;0
6810.11.00;;-- Blocos e tijolos para a construção ;0
6810.19.00;;-- Outros ;0
6810.9;;- Outras obras:;0
6810.91.00;;-- Elementos pré-fabricados para a construção ou engenharia civil ;0
6810.99.00;;-- Outras ;0
68.11;;Obras de fibrocimento, cimento-celulose ou produtos semelhantes.;0
6811.40.00;;- Que contenham amianto ;3,25
6811.8;;- Que não contenham amianto:;0
6811.81.00;;-- Placas onduladas ;3,25
6811.82.00;;-- Outras placas, painéis, ladrilhos, telhas e artigos semelhantes ;3,25
6811.89.00;;-- Outras obras ;3,25
68.12;;"Amianto trabalhado, em fibras; misturas à base de amianto ou à base de amianto e carbonato de magnésio; obras destas misturas ou de amianto (por exemplo, fios, tecidos, vestuário, chapéus e artigos de uso semelhante, calçado, juntas), mesmo armadas, exceto as das posições 68.11 ou 68.13.";0
6812.80.00;;- De crocidolita ;6,5
6812.9;;- Outros:;0
6812.91.00;;-- Vestuário, acessórios de vestuário, calçado e chapéus ;0
6812.99;;-- Outros;0
6812.99.10;;Juntas e outros elementos com função semelhante de vedação ;6,5
6812.99.20;;Amianto trabalhado, em fibras ;6,5
6812.99.30;;Misturas à base de amianto ou à base de amianto e carbonato de magnésio ;6,5
6812.99.90;;Outras ;6,5
68.13;;Guarnições de fricção (por exemplo, placas, rolos, tiras, segmentos, discos, anéis, pastilhas), não montadas, para freios (travões), embreagens ou qualquer outro mecanismo de fricção, à base de amianto, de outras substâncias minerais ou de celulose, mesmo combinadas com têxteis ou outras matérias.;0
6813.20.00;;- Que contenham amianto ;6,5
6813.20.00;01;Guarnições para freios e disco de fricção para embreagens;9,75
6813.8;;- Que não contenham amianto:;0
6813.81;;-- Guarnições para freios (travões);0
6813.81.10;;Pastilhas ;9,75
6813.81.90;;Outras ;9,75
6813.89;;-- Outras;0
6813.89.10;;Disco de fricção para embreagens ;9,75
6813.89.90;;Outras ;6,5
68.14;;Mica trabalhada e obras de mica, incluindo a mica aglomerada ou reconstituída, mesmo com suporte de papel, de cartão ou de outras matérias.;0
6814.10.00;;- Placas, folhas ou tiras, de mica aglomerada ou reconstituída, mesmo com suporte ;0
6814.90.00;;- Outras ;0
68.15;;Obras de pedra ou de outras matérias minerais (incluindo as fibras de carbono, as obras destas matérias e as de turfa), não especificadas nem compreendidas noutras posições.;0
6815.1;;"- Fibras de carbono; obras de fibras de carbono para usos não elétricos; outras obras de grafita ou de outros carbonos, para usos não elétricos:";0
6815.11.00;;-- Fibras de carbono ;6,5
6815.12.00;;-- Têxteis de fibras de carbono;6,5
6815.13.00;;-- Outras obras de fibras de carbono ;6,5
6815.19.00;;-- Outras ;6,5
6815.20.00;;- Obras de turfa ;6,5
6815.9;;- Outras obras:;0
6815.91;;-- Que contenham magnesita, magnésia sob a forma de periclásio, dolomita incluindo sob a forma de cal dolomítica, ou cromita;0
6815.91.10;;Crus, aglomerados com aglutinante químico ;6,5
6815.91.90;;Outras ;6,5
6815.99;;-- Outras;0
6815.99.1;;Eletrofundidas;0
6815.99.11;;Com um teor de alumina (Al2O3), igual ou superior a 90 %, em peso ;6,5
6815.99.12;;Com um teor de silica (SiO2) igual ou superior a 90 %, em peso ;6,5
6815.99.13;;Com um teor, em peso, de óxido de zircônio (ZrO2) igual ou superior a 50 % mesmo com um conteúdo de alumina inferior a 45 % ;6,5
6815.99.14;;Constituídas por uma mistura ou combinação de alumina (Al2O3), silica (SiO2) e óxido de zircônio (ZrO2), com um teor, em peso, de alumina igual ou superior a 45 %, mas inferior a 90 % ou com um conteúdo, em peso, de óxido de zircônio (ZrO2) igual ou superior a 20 %, mas inferior a 50 %;6,5
6815.99.19;;Outras ;6,5
6815.99.90;;Outras ;6,5
